Chromosome,Start,End,Name,GUIDE-seq read counts,Strand,Cell type,Targetsite,Target Sequence,Off-target Sequence,Mismatches,,Alt. site gap/bulge alignment,Alt. site mismatch score,Alt. site mismatches,Alt. site insertions,Alt. site deletions,Alt. site start,Alt. site end,Alt. site strand
chr11,3685361,3685384,ART1_chr11_3685378_975,975,+,U2OS,ART1,GCTGCTGCTCTGGTTCCTCGNGG,GCTGCTGCTCTGGTTCCTCGTGG,0,,,,,,,,,
chr19,1234534,1234557,ART1_chr19_1234541_298,298,-,U2OS,ART1,GCTGCTGCTCTGGTTCCTCGNGG,GCAGCAGCCCCGGTTCCTCGGGG,4,,,,,,,,,
chr2,191503549,191503572,ART1_chr2_191503556_104,104,-,U2OS,ART1,GCTGCTGCTCTGGTTCCTCGNGG,TCTGCTGCTCTGGTTCCTTAGGG,3,,,,,,,,,
chr6,164203928,164203951,ART1_chr6_164203935_44,44,-,U2OS,ART1,GCTGCTGCTCTGGTTCCTCGNGG,GCTGCTGCCCTGGTTCCTTGTGG,2,,,,,,,,,
chr22,32849414,32849437,BPIFC_chr22_32849431_1249,1249,+,U2OS,BPIFC,GACTCAGAACCGCTTAAATCNGG,GACTCAGAACCGCTTAAATCTGG,0,,,,,,,,,
chr22,36983534,36983557,CACNG2_chr22_36983551_3755,3755,+,U2OS,CACNG2,GCTTCGTAATCTGCATCCTCNGG,GCTTCGTAATCTGCATCCTCTGG,0,,,,,,,,,
chr11,103908023,103908046,DDI1_chr11_103908029_2791,2791,-,U2OS,DDI1,GAGGGTTGCGTTCCTTGAGCNGG,GAGGGTTGCGTTCCTTGAGCAGG,0,,,,,,,,,
chr5,112855370,112855393,DDI1_chr5_112855388_11,11,+,U2OS,DDI1,GAGGGTTGCGTTCCTTGAGCNGG,CAGGGCTGCATTCCTTGAGGAGG,4,,,,,,,,,
chr5,45359060,45359083,EMX1_site1_chr5_45359067_3913,3913,-,U2OS,EMX1_site1,GAGTCCGAGCAGAAGAAGAANGG,GAGTTAGAGCAGAAGAAGAAAGG,2,,,,,,,,,
chr2,73160981,73161004,EMX1_site1_chr2_73160998_2793,2793,+,U2OS,EMX1_site1,GAGTCCGAGCAGAAGAAGAANGG,GAGTCCGAGCAGAAGAAGAAGGG,0,,,,,,,,,
chr15,44109746,44109769,EMX1_site1_chr15_44109763_1320,1320,+,U2OS,EMX1_site1,GAGTCCGAGCAGAAGAAGAANGG,GAGTCTAAGCAGAAGAAGAAGAG,3,,,,,,,,,
chr8,128801241,128801264,EMX1_site1_chr8_128801258_531,531,+,U2OS,EMX1_site1,GAGTCCGAGCAGAAGAAGAANGG,GAGTCCTAGCAGGAGAAGAAGAG,3,,,,,,,,,
chr5,9227145,9227168,EMX1_site1_chr5_9227162_63,63,+,U2OS,EMX1_site1,GAGTCCGAGCAGAAGAAGAANGG,AAGTCTGAGCACAAGAAGAATGG,3,,,,,,,,,
chr2,219845055,219845078,EMX1_site1_chr2_219845072_59,59,+,U2OS,EMX1_site1,GAGTCCGAGCAGAAGAAGAANGG,GAGGCCGAGCAGAAGAAAGACGG,3,,,,,,,,,
chrX,53467704,53467727,EMX1_site1_chrX_53467711_9,9,-,U2OS,EMX1_site1,GAGTCCGAGCAGAAGAAGAANGG,GAGTCCGGGAAGGAGAAGAAAGG,3,,,,,,,,,
chr5,178418447,178418470,GRM6_chr5_178418465_1066,1066,+,U2OS,GRM6,GATGATGATGCCCCGGGCGTNGG,GATGATGATGCCCCGGGCGTTGG,0,,,,,,,,,
chr16,6355314,6355337,GRM6_chr16_6355331_512,512,+,U2OS,GRM6,GATGATGATGCCCCGGGCGTNGG,GATAATGATGCCCAGGGCATAGG,3,,,,,,,,,
chr11,865585,865608,GRM6_chr11_865592_54,54,-,U2OS,GRM6,GATGATGATGCCCCGGGCGTNGG,CTGGATGATGCTCCAGGCGTTGG,5,,,,,,,,,
chr19,51373776,51373799,GRM6_chr19_51373782_27,27,-,U2OS,GRM6,GATGATGATGCCCCGGGCGTNGG,GTGGATGATGCCCCAGGCCTCGG,4,,,,,,,,,
chr5,102925802,102925825,GRM6_chr5_102925819_18,18,+,U2OS,GRM6,GATGATGATGCCCCGGGCGTNGG,GAAGTTGATGCCCCAGGAGTAGG,4,,,,,,,,,
chr2,25142494,25142517,GRM6_chr2_25142500_12,12,-,U2OS,GRM6,GATGATGATGCCCCGGGCGTNGG,GAAGACAGCGCCCCGAGCGTGGG,6,,,,,,,,,
chr3,127369234,127369257,GRM6_chr3_127369241_11,11,-,U2OS,GRM6,GATGATGATGCCCCGGGCGTNGG,CCTGATGAAGCCCCAGGCCTGGG,5,,,,,,,,,
chr5,57748497,57748520,GRM6_chr5_57748504_7,7,-,U2OS,GRM6,GATGATGATGCCCCGGGCGTNGG,GAGGAAGAAGCCCCAGGCATGGG,5,,,,,,,,,
chr9,21385111,21385134,IFNA2_chr9_21385117_1286,1286,-,U2OS,IFNA2,GTTTGGCAACCAGTTCCAAANGG,GTTTGGCAACCAGTTCCAAAAGG,0,,,,,,,,,
chr2,166492257,166492280,IL1F10_chr2_166492274_1480,1480,+,U2OS,IL1F10,GCAGCCAGTACAGCTCACCANGG,TAGGCCAGTACAGCTCACCAGGG,3,,,,,,,,,
chr2,113832868,113832891,IL1F10_chr2_113832885_1348,1348,+,U2OS,IL1F10,GCAGCCAGTACAGCTCACCANGG,GCAGCCAGTACAGCTCACCAAGG,0,,,,,,,,,
chr2,86266108,86266131,IL1F10_chr2_86266115_463,463,-,U2OS,IL1F10,GCAGCCAGTACAGCTCACCANGG,CACACCAGTATAGCTCACCAGGG,5,,ACA-CCAGTATAGCTCACCAGGG,5,2,0,1,86266108,86266130,-
chr3,129351527,129351550,IL1F10_chr3_129351545_384,384,+,U2OS,IL1F10,GCAGCCAGTACAGCTCACCANGG,ACACACAGCACAGCTCACCATGG,4,,,,,,,,,
chr2,15170182,15170205,IL1F10_chr2_15170198_221,221,+,U2OS,IL1F10,GCAGCCAGTACAGCTCACCANGG,ACAGCCTCCACAGCTCACCAGGG,4,,,,,,,,,
chr8,20203519,20203542,IL1F10_chr8_20203526_220,220,-,U2OS,IL1F10,GCAGCCAGTACAGCTCACCANGG,GCAGCCAGCACAGCTCACCCATG,3,,GCAGCCAGCACAGCTCACCCATGG,4,1,1,0,20203518,20203542,-
chr2,171101782,171101805,IL1F10_chr2_171101789_150,150,-,U2OS,IL1F10,GCAGCCAGTACAGCTCACCANGG,TCAGCCTATACAGTTCACCAGGG,4,,,,,,,,,
chr9,137310008,137310031,IL1F10_chr9_137310016_63,63,-,U2OS,IL1F10,GCAGCCAGTACAGCTCACCANGG,CCAGCCAGACAAGCTCACCAGGG,4,,CCAGCCAG-ACAAGCTCACCAGGG,7,1,1,1,137310008,137310031,-
chr4,79806778,79806801,IL1F10_chr4_79806795_12,12,+,U2OS,IL1F10,GCAGCCAGTACAGCTCACCANGG,GAAACCAGTACAGCTTACCATGG,3,,,,,,,,,
chr10,83050868,83050891,IL1F10_chr10_83050885_9,9,+,U2OS,IL1F10,GCAGCCAGTACAGCTCACCANGG,ACTACGAGTACAGCTCACCAGGG,4,,,,,,,,,
chr17,39138677,39138700,KRT40_chr17_39138684_1157,1157,-,U2OS,KRT40,GTCCCTTCGCCAGCTGTTAGNGG,GTCCCTTCGCCAGCTGTTAGAGG,0,,,,,,,,,
chr17,39197442,39197465,KRTAP1-1_chr17_39197459_2767,2767,+,U2OS,KRTAP1-1,GCTAGAGTCACAAGTCCCACNGG,GCTAGAGTCACAAGTCCCACCGG,0,,,,,,,,,
chr17,39186291,39186314,KRTAP1-1_chr17_39186307_264,264,+,U2OS,KRTAP1-1,GCTAGAGTCACAAGTCCCACNGG,GCTGGAGCCACAGGTCCCACTGG,3,,,,,,,,,
chr19,51169743,51169766,KRTAP1-1_chr19_51169750_14,14,-,U2OS,KRTAP1-1,GCTAGAGTCACAAGTCCCACNGG,TGTAGAGCCAGAAGTCCCACCGG,4,,G-TAGAGCCAGAAGTCCCACCGG,5,2,0,1,51169743,51169765,-
chr13,75933543,75933566,KRTAP1-1_chr13_75933560_13,13,+,U2OS,KRTAP1-1,GCTAGAGTCACAAGTCCCACNGG,GTTATACCCACAAGTCCCACAGG,4,,,,,,,,,
chr6,41309630,41309653,NCR2_chr6_41309637_2205,2205,-,U2OS,NCR2,GATGGTAGATGGAGACTCAGNGG,GATGGTAGATGGAGACTCAGGGG,0,,,,,,,,,
chr17,74485888,74485911,NCR2_chr17_74485905_418,418,+,U2OS,NCR2,GATGGTAGATGGAGACTCAGNGG,GATGGTGAATGGAGGCTCAGAGG,3,,,,,,,,,
chr5,122553527,122553550,NCR2_chr5_122553544_344,344,+,U2OS,NCR2,GATGGTAGATGGAGACTCAGNGG,AATGGGAGATAGAGACTCAGAAG,4,,,,,,,,,
chr20,38535758,38535781,NCR2_chr20_38535765_273,273,-,U2OS,NCR2,GATGGTAGATGGAGACTCAGNGG,GATGATAAATGGAGACTCAGAGA,3,,,,,,,,,
chr2,45359357,45359380,NCR2_chr2_45359374_270,270,+,U2OS,NCR2,GATGGTAGATGGAGACTCAGNGG,AATGGAAGATAGAGACACAGAGG,4,,,,,,,,,
chr20,7553996,7554019,NCR2_chr20_7554003_238,238,-,U2OS,NCR2,GATGGTAGATGGAGACTCAGNGG,GAAGGTGGATAGAGACTCAGAGG,3,,,,,,,,,
chr19,57874590,57874613,NCR2_chr19_57874597_181,181,-,U2OS,NCR2,GATGGTAGATGGAGACTCAGNGG,TATGGCGGATAGAGGCTCAGTGG,5,,,,,,,,,
chr1,112847869,112847892,NCR2_chr1_112847876_162,162,-,U2OS,NCR2,GATGGTAGATGGAGACTCAGNGG,GATAATAGAAAGAGACTCAGAGG,4,,,,,,,,,
chr12,73087154,73087177,NCR2_chr12_73087161_149,149,-,U2OS,NCR2,GATGGTAGATGGAGACTCAGNGG,AATGGTAGAAGGTGACTCAGAGG,3,,,,,,,,,
chr5,120906030,120906053,NCR2_chr5_120906037_144,144,-,U2OS,NCR2,GATGGTAGATGGAGACTCAGNGG,GAAGGTACATGGAGACTAAGAGG,3,,,,,,,,,
chr3,149587889,149587912,NCR2_chr3_149587896_101,101,-,U2OS,NCR2,GATGGTAGATGGAGACTCAGNGG,TGAGGTAGATAGAGACTAAGAGG,5,,GA-GGTAGATAGAGACTAAGAGG,5,2,0,1,149587889,149587911,-
chrX,31160978,31161001,NCR2_chrX_31160993_77,77,+,U2OS,NCR2,GATGGTAGATGGAGACTCAGNGG,AATGGTACATAGAGACTCAGTGA,4,,,,,,,,,
chr11,96111699,96111722,NCR2_chr11_96111717_44,44,+,U2OS,NCR2,GATGGTAGATGGAGACTCAGNGG,ATTAGTAGATGGAGACTAAGTGG,4,,,,,,,,,
chr5,173887842,173887865,NCR2_chr5_173887859_38,38,+,U2OS,NCR2,GATGGTAGATGGAGACTCAGNGG,GATGGTAAATGGAGGCTCAGAGA,3,,,,,,,,,
chr6,140536708,140536731,NCR2_chr6_140536717_32,32,-,U2OS,NCR2,GATGGTAGATGGAGACTCAGNGG,GATGGACGATGGAGACTCAGAAG,3,,,,,,,,,
chr4,84451090,84451113,NCR2_chr4_84451097_15,15,-,U2OS,NCR2,GATGGTAGATGGAGACTCAGNGG,CTTGGCAGATGGAGACTCGGGGG,4,,,,,,,,,
chr19,49482160,49482183,NCR2_chr19_49482177_12,12,+,U2OS,NCR2,GATGGTAGATGGAGACTCAGNGG,GCTGGAGGATGGGGACCCAGGGG,5,,,,,,,,,
chr9,93342099,93342122,NCR2_chr9_93342106_10,10,-,U2OS,NCR2,GATGGTAGATGGAGACTCAGNGG,TGTGGTAGAAGGAGACTCTGTGG,4,,G-TGGTAGAAGGAGACTCTGTGG,5,2,0,1,93342099,93342121,-
chr5,285893,285916,NCR2_chr5_285910_9,9,+,U2OS,NCR2,GATGGTAGATGGAGACTCAGNGG,ATGTGCAGATGGAGACCCAGTGG,6,,,,,,,,,
chr10,128411259,128411282,NCR2_chr10_128411276_3,3,+,U2OS,NCR2,GATGGTAGATGGAGACTCAGNGG,GGTGGAAGATGGAGAATCAGAGG,3,,,,,,,,,
chr10,72025938,72025961,NPFFR1_chr10_72025944_2310,2310,-,U2OS,NPFFR1,GTTTCATCGTGCTCAAGAACNGG,GTTTCATCGTGCTCAAGAACCGG,0,,,,,,,,,
chr11,57970831,57970854,OR1S2_chr11_57970849_496,496,+,U2OS,OR1S2,GAAAAAGTACACGCCTACAGNGG,GAAAAAGTACACGCCTACAGTGG,0,,,,,,,,,
chr11,57983015,57983038,OR1S2_chr11_57983022_166,166,-,U2OS,OR1S2,GAAAAAGTACACGCCTACAGNGG,GAAAAAGTACACGCCTACAATGG,1,,,,,,,,,
chr5,177420011,177420034,PROP1_chr5_177420028_753,753,+,U2OS,PROP1,GCTTCCGTTGCTTAGCTCTGNGG,GCTTCCGTTGCTTAGCTCTGCGG,0,,,,,,,,,
chr14,62247094,62247117,PROP1_chr14_62247111_3,3,+,U2OS,PROP1,GCTTCCGTTGCTTAGCTCTGNGG,AGATCAGTTGCCTAGCTCTGAGG,5,,GAT-CAGTTGCCTAGCTCTGAGG,6,3,0,1,62247095,62247117,+
chr3,186917364,186917387,RTP1_chr3_186917371_1691,1691,-,U2OS,RTP1,GACCACGTAGGGCGACTGCCNGG,GACCACGTAGGGCGACTGCCAGG,0,,,,,,,,,
chr3,38833564,38833587,SCN10A_chr3_38833582_1591,1591,+,U2OS,SCN10A,GTTCTTCTGATCAGGTTGAANGG,GTTCTTCTGATCAGGTTGAAAGG,0,,,,,,,,,
chr13,103710676,103710699,SLC10A2_chr13_103710693_662,662,+,U2OS,SLC10A2,GGCACAGCGGCATCATTCCGNGG,GGCACAGCGGCATCATTCCGAGG,0,,,,,,,,,
chr4,39267016,39267039,SLC10A2_chr4_39267023_8,8,-,U2OS,SLC10A2,GGCACAGCGGCATCATTCCGNGG,GACACAACGGTATCATTCCAGGG,4,,,,,,,,,
chr7,122811936,122811959,SLC13A1_chr7_122811943_1525,1525,-,U2OS,SLC13A1,GGTGGCATCTGCTTATTTCANGG,GGTGGCATCTGCTTATTTCAAGG,0,,,,,,,,,
chr4,128665876,128665899,SLC25A31_chr4_128665882_542,542,-,U2OS,SLC25A31,GCAAAGTTTAGAGCTTGTGTNGG,GCAAAGTTTAGAGCTTGTGTTGG,0,,,,,,,,,
chr9,138590265,138590288,SOHLH1_chr9_138590272_1474,1474,-,U2OS,SOHLH1,GCCCTGCTGCCCCAGTTCGANGG,GCCCTGCTGCCCCAGTTCGATGG,0,,,,,,,,,
chr18,25407064,25407087,SOHLH1_chr18_25407082_238,238,+,U2OS,SOHLH1,GCCCTGCTGCCCCAGTTCGANGG,GTTCTGCTGCCCCAGTTAGAAGG,3,,,,,,,,,
chr1,152531158,152531181,SOHLH1_chr1_152531165_17,17,-,U2OS,SOHLH1,GCCCTGCTGCCCCAGTTCGANGG,TCCCTGCAGCCCCAGTTCAGGGG,4,,TCCCTGCAGCCCCAGTTC-AGGG,5,2,0,1,152531159,152531181,-
chrX,52677348,52677371,SSX7_chrX_52677355_1791,1791,-,U2OS,SSX7,GGGAAACACCTGTGCCCTCCNGG,GGGAAACACCTGTGCCCTCCAGG,0,,,,,,,,,
chr10,134552985,134553008,SSX7_chr10_134552992_350,350,-,U2OS,SSX7,GGGAAACACCTGTGCCCTCCNGG,GGGCAACAGCTGTGCCCTCCAGG,2,,,,,,,,,
chr20,24664279,24664302,SSX7_chr20_24664286_94,94,-,U2OS,SSX7,GGGAAACACCTGTGCCCTCCNGG,AGGAGGCACCTGTGCCCTCCTGG,3,,,,,,,,,
chr7,142880580,142880603,TAS2R39_chr7_142880587_2644,2644,-,U2OS,TAS2R39,GGCGACAATTCACTTTCTGCNGG,GGCGACAATTCACTTTCTGCAGG,0,,,,,,,,,
chr2,71863354,71863377,TEX13A_chr2_71863372_3954,3954,+,U2OS,TEX13A,GCCGGAGGGGTTTGCACAGANGG,ACTGGAGGGATTTGCACAGAGGG,3,,,,,,,,,
chr2,9104257,9104280,TEX13A_chr2_9104263_3070,3070,-,U2OS,TEX13A,GCCGGAGGGGTTTGCACAGANGG,AGAGGAGGGGTTTGCACAGGAGG,4,,GA-GGAGGGGTTTGCACAGGAGG,5,2,0,1,9104257,9104279,-
chrX,104464362,104464385,TEX13A_chrX_104464369_1988,1988,-,U2OS,TEX13A,GCCGGAGGGGTTTGCACAGANGG,GCCGGAGGGGTTTGCACAGAAGG,0,,,,,,,,,
chr9,96661837,96661860,TEX13A_chr9_96661845_1049,1049,-,U2OS,TEX13A,GCCGGAGGGGTTTGCACAGANGG,CCAGGAGGGGTTTGCACAAAGGG,3,,,,,,,,,
chr2,110308358,110308381,TEX13A_chr2_110308365_288,288,-,U2OS,TEX13A,GCCGGAGGGGTTTGCACAGANGG,GAAGAAGGGGTTTGCACAGAGGG,3,,,,,,,,,
chr17,49839924,49839947,TEX13A_chr17_49839940_78,78,+,U2OS,TEX13A,GCCGGAGGGGTTTGCACAGANGG,CGGGGAGGGGTTTGCACAGAAGA,4,,GG-GGAGGGGTTTGCACAGAAGA,5,2,0,1,49839925,49839947,+
chr20,18341147,18341170,TEX13A_chr20_18341153_51,51,-,U2OS,TEX13A,GCCGGAGGGGTTTGCACAGANGG,GCCGGAGTGGCCTGCACAGAGGG,3,,,,,,,,,
chr18,64078051,64078074,TEX13A_chr18_64078058_32,32,-,U2OS,TEX13A,GCCGGAGGGGTTTGCACAGANGG,ACTGGAGGGATTTGCACACAGGG,4,,,,,,,,,